target_cluster_id,target_cluster,parent_category,taxonomy_level,aliases,seed_keywords,negative_keywords,target_docs,priority,source_file,source_order
C001,Fitness,Sports & Outdoor,second_category,,"fitness workout gym equipment, exercise machine treadmill elliptical, resistance bands dumbbells kettlebell, home gym setup, yoga mat pilates, fitness tracker workout app, gym weight training cardio",,600,medium,/Users/bytedance/Documents/target_clusters.xlsx,1
C002,Hair Extensions & Wigs,Fashion Accessories,second_category,Hair Extensions and Wigs,"hair extensions clip-in weft, lace front wig human hair, hair bundles weave tape-in, synthetic wig ponytail extension, colored hair extension ombre highlights",,600,medium,/Users/bytedance/Documents/target_clusters.xlsx,2
C003,Nail Care,Beauty & Personal Care,second_category,,"nail polish gel nails acrylic, nail art design stamping, nail lamp UV LED, press-on nails, cuticle oil nail file buffer, nail kit manicure, chrome powder dip nails",,600,medium,/Users/bytedance/Documents/target_clusters.xlsx,3
C004,Sport & Outdoor Clothing,Sports & Outdoor,second_category,Sport and Outdoor Clothing,"hiking pants moisture-wicking, running jacket windbreaker, compression leggings trail clothing, waterproof outdoor jacket, sport shirt fleece thermal, athletic outdoor apparel",,600,medium,/Users/bytedance/Documents/target_clusters.xlsx,4
C005,Indoor Furniture,Furniture,second_category,,"sofa couch living room, dining table chairs, bookshelf wardrobe cabinet, armchair recliner ottoman, coffee table TV stand, dresser nightstand bedroom furniture",,600,medium,/Users/bytedance/Documents/target_clusters.xlsx,5
C006,Women's Suits & Sets,Womenswear & Underwear,second_category,Women's Suits and Sets | Womens Suits & Sets,"women blazer pantsuit two-piece set, women business suit matching, women professional formal attire, women coordinated suit jacket, ladies office outfit blazer",,600,medium,/Users/bytedance/Documents/target_clusters.xlsx,6
C007,Nutrition & Wellness,Health,second_category,Nutrition and Wellness,"vitamins minerals daily supplement, protein powder collagen peptide, fish oil omega-3 multivitamin, probiotics gut health, immunity wellness supplement, herbal health capsule",,600,medium,/Users/bytedance/Documents/target_clusters.xlsx,7
C008,Men's Suits & Sets,Menswear & Underwear,second_category,Men's Suits and Sets | Mens Suits & Sets,"men suit jacket pants blazer, men formal business two-piece, men wedding suit tuxedo, men dress shirt trousers, men professional office attire formal",,600,medium,/Users/bytedance/Documents/target_clusters.xlsx,8
C009,"Swimwear, Surfwear & Wetsuits",Sports & Outdoor,second_category,"Swimwear, Surfwear and Wetsuits","bikini swimsuit one-piece, wetsuit surfboard rash guard, board shorts swim trunks, women swimwear cover-up, surf gear paddling suit, competition swim triathlon",,600,medium,/Users/bytedance/Documents/target_clusters.xlsx,9
C010,Mobile Phone Accessories,Phones & Electronics,second_category,,"phone case cover protection, screen protector tempered glass, wireless charger MagSafe, phone stand mount, charging cable USB-C lightning, power bank portable, pop socket grip",,600,medium,/Users/bytedance/Documents/target_clusters.xlsx,10
C011,Fan Shop,Sports & Outdoor,second_category,,"anime merchandise figure collectible, k-pop idol photocard goods, manga fandom merch otaku, character goods limited edition, cosplay accessories webtoon, idol fan album second-hand figure, pop culture fan product",pc fan cpu cooler case fan airflow | computer cooling thermal paste heatsink | pc build gpu ram motherboard | gaming pc component,600,medium,/Users/bytedance/Documents/target_clusters.xlsx,11
C012,Haircare & Styling,Beauty & Personal Care,second_category,Haircare and Styling,"shampoo conditioner hair treatment, hair serum oil hair mask, heat protectant hair spray, blow dryer curling iron straightener, styling product pomade wax gel, hair repair bleached damaged",,600,medium,/Users/bytedance/Documents/target_clusters.xlsx,12
C013,Makeup,Beauty & Personal Care,second_category,,"foundation concealer setting powder, lipstick lip gloss liner, mascara eyeliner eyeshadow palette, blush highlighter bronzer, makeup primer setting spray, full face beauty routine",,600,medium,/Users/bytedance/Documents/target_clusters.xlsx,13
C014,Women's Tops,Womenswear & Underwear,second_category,Womens Tops,"women blouse shirt crop top, women sweater cardigan knit, women tank top camisole, women t-shirt fashion top, women pullover off-shoulder",,600,medium,/Users/bytedance/Documents/target_clusters.xlsx,14
C015,Men's Bottoms,Menswear & Underwear,second_category,Mens Bottoms,"men jeans denim pants, men chinos trousers khakis, men cargo shorts, men slim straight leg, men casual dress pants, men jogger sweatpants",,600,medium,/Users/bytedance/Documents/target_clusters.xlsx,15
C016,Women's Bottoms,Womenswear & Underwear,second_category,Womens Bottoms,"women jeans denim leggings, women skirt midi maxi, women shorts casual pants, women wide-leg trousers, women flare cargo, women jogger athletic bottom",,600,medium,/Users/bytedance/Documents/target_clusters.xlsx,16
C017,Lights & Lighting,Home Improvement,second_category,Lights and Lighting,"LED ceiling light lamp, floor desk reading lamp, smart LED bulb, chandelier pendant light, wall sconce strip lights, dimmer switch, under-cabinet lighting",,600,medium,/Users/bytedance/Documents/target_clusters.xlsx,17
C018,Baby Travel Gear,Baby & Maternity,second_category,,"stroller baby pram lightweight, infant car seat convertible, baby carrier wrap backpack, travel crib portable bassinet, compact stroller system, diaper bag travel",,600,medium,/Users/bytedance/Documents/target_clusters.xlsx,18
C019,Power Tools,Tools & Hardware,second_category,,"cordless drill driver, circular saw jigsaw, angle grinder sander, reciprocating saw nail gun, impact driver screwdriver, rotary oscillating tool, cordless power tool set",,600,medium,/Users/bytedance/Documents/target_clusters.xlsx,19
C020,Women's Sleepwear & Loungewear,Womenswear & Underwear,second_category,Women's Sleepwear and Loungewear | Womens Sleepwear & Loungewear,"women pajamas set sleepwear, women nightgown robe bathrobe, women lounge set sweatpants, women silk satin pajama, women cozy loungewear, women matching sleep pyjamas",,600,medium,/Users/bytedance/Documents/target_clusters.xlsx,20
C021,Nasal & Oral Care,Beauty & Personal Care,second_category,Nasal and Oral Care,"electric toothbrush sonic, toothpaste whitening, mouthwash dental floss, water flosser oral irrigator, teeth whitening strips, nasal rinse neti pot, dental hygiene care",,600,medium,/Users/bytedance/Documents/target_clusters.xlsx,21
C022,Costume Jewelry & Accessories,Fashion Accessories,second_category,Costume Jewelry and Accessories,"fashion jewelry statement necklace, costume earrings chunky bracelet, trendy layering necklace stackable rings, dainty gold plated jewelry, fashion accessories pendant charm",,600,medium,/Users/bytedance/Documents/target_clusters.xlsx,22
C023,Fragrance,Beauty & Personal Care,second_category,,"perfume eau de parfum cologne, fragrance mist body spray, niche luxury perfume scent, best fragrance recommendation, long-lasting perfume bottle, designer fragrance",,600,medium,/Users/bytedance/Documents/target_clusters.xlsx,23
C024,Home Appliances,Household Appliances,second_category,,"vacuum cleaner robot vacuum, air purifier humidifier, space heater portable, dehumidifier air conditioner, microwave toaster oven, rice cooker blender food processor",,600,medium,/Users/bytedance/Documents/target_clusters.xlsx,24
C025,Personal Care Appliances,Beauty & Personal Care,second_category,,"hair dryer professional styling, curling wand iron, electric shaver epilator razor, facial cleansing brush steamer, body groomer trimmer clipper, personal grooming electric device",,600,medium,/Users/bytedance/Documents/target_clusters.xlsx,25
C026,Farm Animal & Poultry Supplies,,second_category,Farm Animal and Poultry Supplies,"chicken feed layer pellet poultry, livestock hay bale forage, horse feed grain oat, goat pig cattle livestock, barn waterer feeder trough, farm animal coop nesting bedding straw",guinea pig rabbit hamster small pet | dog cat domestic pet | composting worm bin garden | human food recipe cooking,600,medium,/Users/bytedance/Documents/target_clusters.xlsx,26
C027,Drinkware,Kitchenware,second_category,,"water bottle insulated tumbler, Stanley cup Hydro Flask, travel mug coffee thermos, ceramic mug glass drinkware, reusable stainless steel bottle, cup tumbler review",,600,medium,/Users/bytedance/Documents/target_clusters.xlsx,27
C028,Women's Dresses,Womenswear & Underwear,second_category,Womens Dresses,"women maxi dress midi, casual sundress floral pattern, cocktail party evening gown, bodycon wrap dress, women summer beach dress, bridesmaid prom formal dress",,600,medium,/Users/bytedance/Documents/target_clusters.xlsx,28
C029,Bathroom Fixtures,Home Improvement,second_category,,"toilet bowl seat flush, sink faucet bathroom vanity, shower head rain handheld, bathtub soaking, bathroom mirror cabinet, towel bar hook fixture hardware",,600,medium,/Users/bytedance/Documents/target_clusters.xlsx,29
C030,Eyewear,Fashion Accessories,second_category,,"glasses prescription frames optical, sunglasses UV polarized, blue light blocking glasses, reading glasses bifocal, daily contact lenses, eyeglass frame style review",,600,medium,/Users/bytedance/Documents/target_clusters.xlsx,30
C031,Dog & Cat Food,Pet Supplies,second_category,Dog and Cat Food,"dog food dry kibble brand, cat food wet canned, raw pet food BARF, grain-free limited ingredient, puppy senior formula, pet food ingredient review, cat dog nutrition diet",human food recipe cooking | restaurant meal | food blog,600,medium,/Users/bytedance/Documents/target_clusters.xlsx,31
C032,Skincare,Beauty & Personal Care,second_category,,"moisturizer face cream serum, SPF sunscreen daily, gentle cleanser face wash, retinol vitamin C niacinamide, acne treatment salicylic, toner essence mist, skincare routine review",,600,medium,/Users/bytedance/Documents/target_clusters.xlsx,32
C033,Building Supplies,Home Improvement,second_category,,"lumber plywood drywall sheet, concrete cement tile grout, roofing shingle insulation, flooring hardwood laminate vinyl, PVC pipe plumbing supply, home building renovation material",pc build gaming computer | software programming coding | electronics component circuit,600,medium,/Users/bytedance/Documents/target_clusters.xlsx,33
C034,Kitchen Appliances,Household Appliances,second_category,,"air fryer instant pot pressure, stand mixer blender food processor, coffee maker espresso machine, toaster convection oven, electric kettle rice cooker, kitchen appliance review",,600,medium,/Users/bytedance/Documents/target_clusters.xlsx,34
C035,Sports Footwear,Sports & Outdoor,second_category,,"running shoes athletic sneakers, training cross trainer, basketball court shoe, trail hiking running, walking comfort sport shoe, sport cleats turf, sneaker performance",,600,medium,/Users/bytedance/Documents/target_clusters.xlsx,35
C036,Dog & Cat Accessories,Pet Supplies,second_category,Dog and Cat Accessories,"dog collar leash harness, cat collar interactive toy, pet ID tag bandana, dog car cover, cat feather wand toy, pet travel carrier, dog cat accessories review",,600,medium,/Users/bytedance/Documents/target_clusters.xlsx,36
C037,Bedding and Linens,Textiles & Soft Furnishings,second_category,Bedding & Linens,"bed sheets thread count, duvet comforter quilt, pillow memory foam down, weighted blanket throw, mattress pad protector, linen cotton bamboo bedding, king queen twin set",,600,medium,/Users/bytedance/Documents/target_clusters.xlsx,37
C038,DIY,Toys & Hobbies,second_category,,"diamond painting kit drill, perler beads hama pixel art, resin art mold epoxy craft, cross stitch embroidery hoop kit, knitting crochet yarn hook, bracelet bead making kit, candle soap wax craft, latch hook punch needle macrame",home renovation construction plumbing electrical | lumber building material woodworking | power tool cordless drill,600,medium,/Users/bytedance/Documents/target_clusters.xlsx,38
C039,Pantry Food,Food & Beverages,second_category,,"canned pasta rice shelf-stable pantry, olive oil vinegar condiment, spice seasoning blend pantry, baking flour sugar, long-shelf food grocery stock, budget food haul",,600,medium,/Users/bytedance/Documents/target_clusters.xlsx,39
C040,Car Lights,Automotive & Motorcycle,second_category,,"car LED headlight upgrade, fog light tail light, interior LED strip ambient, DRL daytime running, turn signal brake bulb, car lighting mod aftermarket",,600,medium,/Users/bytedance/Documents/target_clusters.xlsx,40
C041,Garden Supplies,Home Improvement,second_category,,"fertilizer plant food soil, garden hose nozzle watering, potting mix raised bed, seeds seedling vegetable, mulch compost, plant pot planter container, garden supply",,600,medium,/Users/bytedance/Documents/target_clusters.xlsx,41
C042,Hand Tools,Tools & Hardware,second_category,,"hammer screwdriver set wrench, pliers measuring tape level, utility knife chisel socket, hand tool kit home repair, toolbox starter, mallet pry bar",,600,medium,/Users/bytedance/Documents/target_clusters.xlsx,42
C043,Home Organizers,Home Supplies,second_category,,"storage bin basket drawer organizer, closet shelf rack organizer, under-bed storage box, pantry cabinet organizer, desk tray, home organization space-saving",,600,medium,/Users/bytedance/Documents/target_clusters.xlsx,43
C044,Baby Care & Health,Baby & Maternity,second_category,Baby Care and Health,"baby lotion wash shampoo gentle, diaper rash cream, baby thermometer monitor, newborn grooming nail kit, infant skincare hypoallergenic, baby care essentials",,600,medium,/Users/bytedance/Documents/target_clusters.xlsx,44
C045,Women's Underwear,Womenswear & Underwear,second_category,Womens Underwear,"women bra underwire padded push-up, women panties thong hipster, shapewear bodysuit, women lingerie lace set, sports bra supportive, bralette wireless comfortable",,600,medium,/Users/bytedance/Documents/target_clusters.xlsx,45
C046,Cameras & Photography,Phones & Electronics,second_category,Cameras and Photography,"DSLR mirrorless camera body lens, camera tripod lighting, GoPro action camera, film analog camera, photography gear review, camera bag case, best camera recommendation",,600,medium,/Users/bytedance/Documents/target_clusters.xlsx,46
C047,Bath & Body Care,Beauty & Personal Care,second_category,Bath and Body Care,"body lotion moisturizer daily, shower gel body wash, bath bomb salt soak, body scrub sugar exfoliant, body butter cream dry skin, fragrant body care routine",,600,medium,/Users/bytedance/Documents/target_clusters.xlsx,47
C048,Drinks,Food & Beverages,second_category,,"energy drink coffee caffeine, cocktail mocktail recipe, juice smoothie healthy drink, sparkling water soda, protein shake nutrition, beer wine spirits alcohol, beverage review",drinkware cup mug bottle container | kitchen utensil cookware,600,medium,/Users/bytedance/Documents/target_clusters.xlsx,48
C049,Outdoor Furniture,Furniture,second_category,,"patio chair table set outdoor, garden bench hammock, deck weatherproof furniture, outdoor sofa sectional, balcony bistro set, pool lounge chair",,600,medium,/Users/bytedance/Documents/target_clusters.xlsx,49
C050,Clothes Accessories,Fashion Accessories,second_category,,"belt leather waist buckle, scarf wrap shawl, gloves hat beanie winter, socks tights hosiery, tie pocket square men, headband hair scarf, seasonal accessories",,600,medium,/Users/bytedance/Documents/target_clusters.xlsx,50
C051,Women's Bags,Luggage & Bags,second_category,Womens Bags,"women handbag leather tote, shoulder crossbody clutch purse, women designer inspired bag, women satchel hobo, luxury bag dupe review, women bag brand recommendation",,600,medium,/Users/bytedance/Documents/target_clusters.xlsx,51
C052,Cutlery & Tableware,Kitchenware,second_category,Cutlery and Tableware,"fork knife spoon cutlery set, dinner plate bowl set, chopsticks serving spoon, ceramic porcelain tableware, flatware stainless steel, dinnerware collection review",,600,medium,/Users/bytedance/Documents/target_clusters.xlsx,52
C053,Classic & Novelty Toys,Toys & Hobbies,second_category,Classic and Novelty Toys,"LEGO building brick set, board game strategy family, card trading tabletop, jigsaw puzzle 1000 piece, action figure model kit, RPG miniature, classic novelty toy",,600,medium,/Users/bytedance/Documents/target_clusters.xlsx,53
C054,Feminine Care,Beauty & Personal Care,second_category,,"menstrual pad tampon period, menstrual cup disc reusable, period underwear absorbent, feminine wash intimate hygiene, UTI prevention women health, menopause symptom, panty liner",,600,medium,/Users/bytedance/Documents/target_clusters.xlsx,54
C055,Electrical Equipment & Supplies,Home Improvement,second_category,Electrical Equipment and Supplies,"extension cord power strip, electrical outlet switch wiring, circuit breaker panel fuse, wire connector conduit, voltage multimeter, LED driver transformer, electrician supply",,600,medium,/Users/bytedance/Documents/target_clusters.xlsx,55
C056,Artificial Gemstones,Jewelry Accessories & Derivatives,second_category,,"cubic zirconia moissanite lab diamond, synthetic simulated gemstone, artificial crystal rhinestone, lab-grown diamond ring, CZ stone fashion jewelry, fake diamond accessory",,600,medium,/Users/bytedance/Documents/target_clusters.xlsx,56
C057,Car Repair Tools,Automotive & Motorcycle,second_category,,"OBD2 scanner car diagnostic, car jack floor stand lift, torque wrench socket mechanic, brake caliper tool, wheel lug tire change, engine repair mechanic kit, auto repair tool",,600,medium,/Users/bytedance/Documents/target_clusters.xlsx,57
C058,"Desktop Computers, Laptops & Tablets",Computers & Office Equipment,second_category,"Desktop Computers, Laptops and Tablets","MacBook laptop ultrabook thin, gaming laptop desktop PC, iPad tablet Android, Chromebook student laptop, best laptop review, refurbished laptop deal, computer work student",,600,medium,/Users/bytedance/Documents/target_clusters.xlsx,58
C059,Women's Shoes,Shoes,second_category,Womens Shoes,"women heels pumps stiletto, women boots ankle knee, women platform sneakers, women flats loafers mules, women sandals wedge, women oxford dress shoe",,600,medium,/Users/bytedance/Documents/target_clusters.xlsx,59
C060,Snacks,Food & Beverages,second_category,,"chips popcorn crackers snack, protein energy bar, candy chocolate gummy, trail mix nuts dried fruit, rice cake puffed healthy, jerky meat snack, snack review",,600,medium,/Users/bytedance/Documents/target_clusters.xlsx,60
C061,Men's Tops,Menswear & Underwear,second_category,Mens Tops,"men t-shirt graphic tee, men polo button-down casual, men hoodie crew sweatshirt, men linen flannel shirt, men streetwear fashion top, men basics essential",,600,medium,/Users/bytedance/Documents/target_clusters.xlsx,61
C062,Universal Accessories,Phones & Electronics,second_category,,"universal phone car mount, USB multi-port adapter hub, universal remote control TV, cable organizer wire management, multi-device charging dock, universal bracket stand",,600,medium,/Users/bytedance/Documents/target_clusters.xlsx,62
C063,Commercial Furniture,Furniture,second_category,,"office desk chair ergonomic, conference table boardroom, filing cabinet storage, commercial shelving display, break room lounge furniture, office cubicle partition",,600,medium,/Users/bytedance/Documents/target_clusters.xlsx,63
C064,Audio & Video,Phones & Electronics,second_category,Audio and Video,"headphones over-ear wireless noise-canceling, TWS Bluetooth earbuds, IEM audiophile in-ear monitor, soundbar home theater speaker, DAC amplifier audio, record player turntable, gaming headset",fan shop anime merchandise idol | case fan cpu cooling thermal pc,600,medium,/Users/bytedance/Documents/target_clusters.xlsx,64
C065,Kitchen Utensils & Gadgets,Kitchenware,second_category,Kitchen Utensils and Gadgets,"silicone spatula cooking utensil, ladle whisk kitchen tong, peeler grater zester, can opener colander, kitchen timer thermometer, mandoline slicer chopper, gadget tool",,600,medium,/Users/bytedance/Documents/target_clusters.xlsx,65
C066,Men's Care,Beauty & Personal Care,second_category,Mens Care,"men face wash cleanser, men moisturizer SPF cream, beard oil balm trimmer, shaving cream gel razor aftershave, men shampoo conditioner hair, men body wash grooming, men skincare routine review",women skincare beauty female | dating relationship advice | female health menopause period | women grooming,600,medium,/Users/bytedance/Documents/target_clusters.xlsx,66
C067,Car Interior Accessories,Automotive & Motorcycle,second_category,,"car seat cover cushion, floor mat all-weather rubber, steering wheel cover, car back seat organizer, phone mount dashboard, car air freshener, interior trim accessory",,600,medium,/Users/bytedance/Documents/target_clusters.xlsx,67
C068,Sports & Outdoor Accessories,Sports & Outdoor,second_category,Sports and Outdoor Accessories,"gym sports duffel bag, sports water bottle outdoor, fitness gloves grip lifting, resistance band workout loop, knee brace ankle support, sports towel sweatband, athletic accessories",,600,medium,/Users/bytedance/Documents/target_clusters.xlsx,68
C069,Camping & Hiking,Sports & Outdoor,second_category,Camping and Hiking,"tent camping backpacking shelter, sleeping bag pad, hiking boot trail waterproof, trekking pole, camp stove cookset fuel, daypack hiking backpack, headlamp lantern camping gear",,600,medium,/Users/bytedance/Documents/target_clusters.xlsx,69
C070,Special Personal Care,Beauty & Personal Care,second_category,,"wheelchair walker mobility aid, prosthetic adaptive device, hearing aid amplifier, adult incontinence pad diaper, ostomy bag stoma, disability adaptive daily living, compression stocking",,600,medium,/Users/bytedance/Documents/target_clusters.xlsx,70
C071,Games & Puzzles,Toys & Hobbies,second_category,Games and Puzzles,"jigsaw puzzle 1000 piece, board game strategy family, card game poker party, dice RPG dungeon tabletop, family game night, escape room mystery, adult challenge puzzle",,600,medium,/Users/bytedance/Documents/target_clusters.xlsx,71
C072,Men's Shoes,Shoes,second_category,Mens Shoes,"men boots chelsea leather, men casual sneakers trainer, men dress shoes oxford, men loafer slip-on, men sandals outdoor, men high top court, men shoe style review",,600,medium,/Users/bytedance/Documents/target_clusters.xlsx,72
C073,Home Decor,Home Supplies,second_category,,"wall art print canvas poster, decorative vase ceramic, throw pillow cushion cover, area rug accent, curtain drape window, scented candle wax, home decor accent piece",,600,medium,/Users/bytedance/Documents/target_clusters.xlsx,73
C074,Medical Supplies,Health,second_category,,"blood pressure monitor automatic, glucometer glucose test strip, medical gloves bandage wound, pulse oximeter SpO2, wheelchair cane crutch, clinical thermometer, medical supply healthcare",,600,medium,/Users/bytedance/Documents/target_clusters.xlsx,74
C075,Dog & Cat Grooming,Pet Supplies,second_category,Dog and Cat Grooming,"dog shampoo bath grooming, cat brush deshedding comb, pet nail clipper trimmer, dog clipper blade, ear cleaner pet wipes, grooming table mat, furminator tool",,600,medium,/Users/bytedance/Documents/target_clusters.xlsx,75
C076,Leisure & Outdoor Recreation Equipment,Sports & Outdoor,second_category,Leisure and Outdoor Recreation Equipment,"bicycle road mountain bike, kayak canoe paddle, skateboard longboard deck, inline roller skates, fishing rod reel lure, kick scooter adult, outdoor recreation equipment",,600,medium,/Users/bytedance/Documents/target_clusters.xlsx,76
C077,Functional Bags,Luggage & Bags,second_category,,"backpack everyday carry EDC commuter, laptop bag padded sleeve, messenger crossbody bag, tactical hiking pack, diaper bag organized, gym duffle workout, travel carry-on personal item",,600,medium,/Users/bytedance/Documents/target_clusters.xlsx,77
C078,Sports & Outdoor Play,Toys & Hobbies,second_category,Sports and Outdoor Play,"trampoline outdoor kids, swing set slide playground, basketball hoop adjustable, soccer goal ball, badminton shuttlecock set, outdoor active play, kids sport game set",,600,medium,/Users/bytedance/Documents/target_clusters.xlsx,78
C079,Cookware,Kitchenware,second_category,,"cast iron skillet dutch oven, non-stick pan wok stir fry, stainless steel pot saucepan, ceramic coated cookware, induction compatible set, carbon steel pan seasoning, cookware brand review",,600,medium,/Users/bytedance/Documents/target_clusters.xlsx,79
C080,Men's Underwear & Socks,Menswear & Underwear,second_category,Men's Underwear and Socks | Mens Underwear & Socks,"men boxer briefs stretch, men trunks briefs comfort, men athletic compression socks, no-show ankle sock, men thermal base layer, men underwear modal cotton",,600,medium,/Users/bytedance/Documents/target_clusters.xlsx,80
C081,Maternity Supplies,,second_category,,"maternity clothes belly band, nursing pumping bra, breast pump portable electric, cloth diaper insert, postpartum recovery support, pregnancy pillow wedge, maternity leggings",,600,medium,/Users/bytedance/Documents/target_clusters.xlsx,81
C082,Car Electronics,Automotive & Motorcycle,second_category,,"dash cam front rear 4K, car GPS navigation, car stereo Apple CarPlay, backup camera parking sensor, Bluetooth FM transmitter, car audio speaker upgrade, vehicle GPS tracker",,600,medium,/Users/bytedance/Documents/target_clusters.xlsx,82
C083,Home Care Supplies,Home Supplies,second_category,,"all-purpose cleaner spray concentrate, microfiber mop bucket, cleaning cloth sponge pad, rubber household gloves, dish soap detergent, toilet bowl cleaner disinfectant, home cleaning products",,600,medium,/Users/bytedance/Documents/target_clusters.xlsx,83
C084,Household Textiles,Textiles & Soft Furnishings,second_category,,"blackout curtain thermal drape, tablecloth linen placemats, window roller blind shade, sofa throw blanket, bathroom hand towel set, decorative throw rug, household textile home",,600,medium,/Users/bytedance/Documents/target_clusters.xlsx,84
C085,Large Home Appliances,Household Appliances,second_category,,"washing machine front load top load, clothes dryer heat pump, refrigerator French door, dishwasher built-in quiet, electric gas range oven, mini split air conditioner, water heater tank",,600,medium,/Users/bytedance/Documents/target_clusters.xlsx,85
C086,Bakeware,Kitchenware,second_category,,"baking sheet cookie pan nonstick, bundt cake mold pan, muffin cupcake tin, loaf bread pan, pie dish tart pan, springform cheesecake, silicone bakeware mat",,600,medium,/Users/bytedance/Documents/target_clusters.xlsx,86
C087,Dog & Cat Healthcare,Pet Supplies,second_category,Dog and Cat Healthcare,"flea tick prevention treatment, dog joint supplement hip, cat urinary supplement, pet dental chew teeth, calming anxiety treat, pet immune probiotic, vet recommend pet health",,600,medium,/Users/bytedance/Documents/target_clusters.xlsx,87
C088,Garden Tools,Tools & Hardware,second_category,,"pruning shear garden scissors, hoe fork rake trowel, shovel spade, wheelbarrow cart, leaf blower battery, lawn mower grass cutter, drip irrigation timer",,600,medium,/Users/bytedance/Documents/target_clusters.xlsx,88
C089,"Platinum, Carat Gold",Jewelry Accessories & Derivatives,second_category,,"diamond engagement ring 14k 18k gold, platinum fine jewelry, gold necklace bracelet pendant, diamond stud earrings, solitaire ring proposal, lab grown diamond, fine jewelry luxury gift",,600,medium,/Users/bytedance/Documents/target_clusters.xlsx,89
C090,Gaming & Consoles,Phones & Electronics,second_category,Gaming and Consoles,"PlayStation 5 Xbox Series Nintendo Switch, video game console, game controller wireless, PC gaming steam deck, gaming headset monitor, game release review, gaming laptop desktop build",,600,medium,/Users/bytedance/Documents/target_clusters.xlsx,90
C091,Car Washing & Maintenance,Automotive & Motorcycle,second_category,Car Washing and Maintenance,"car wash soap shampoo detail, car wax polish ceramic coat, microfiber detailing cloth, foam cannon pressure wash, tire shine dressing, interior cleaner protectant, auto detailing kit",,600,medium,/Users/bytedance/Documents/target_clusters.xlsx,91
C092,Hand & Foot Care,Beauty & Personal Care,second_category,Hand and Foot Care,"hand cream moisturizer lotion, cuticle oil softener, foot cream heel balm, cracked heel repair, pedicure kit foot soak, foot mask exfoliant, nail hand treatment",,600,medium,/Users/bytedance/Documents/target_clusters.xlsx,92
C093,Bathroom Supplies,Home Supplies,second_category,,"toothbrush holder soap dispenser, bath shower mat non-slip, toilet paper holder, shower curtain liner hooks, bathroom shelf organizer, towel rack bar hook, bathroom accessory set",,600,medium,/Users/bytedance/Documents/target_clusters.xlsx,93
C094,Nursing & Feeding,Baby & Maternity,second_category,Nursing and Feeding,"baby bottle nipple slow flow, electric breast pump, bottle sterilizer UV, nursing pillow support, infant formula preparation, baby food spoon set, feeding essentials newborn",,600,medium,/Users/bytedance/Documents/target_clusters.xlsx,94
C095,Festive & Party Supplies,Home Supplies,second_category,Festive and Party Supplies,"birthday balloon decoration party, banner streamer confetti, Halloween Christmas ornament, table cover themed party, seasonal holiday decor, celebration party kit, event supply",,600,medium,/Users/bytedance/Documents/target_clusters.xlsx,95
C096,Office Stationery & Supplies,Computers & Office Equipment,second_category,Office Stationery and Supplies,"ballpoint pen notebook journal, sticky note highlighter marker, stapler tape dispenser, binder folder paper, desk organizer pencil cup, school office stationery supply",,600,medium,/Users/bytedance/Documents/target_clusters.xlsx,96
C097,Data Storage & Software,Computers & Office Equipment,second_category,Data Storage and Software,"external SSD hard drive portable, USB flash thumb drive, SD microSD memory card, NAS network storage, software antivirus subscription, digital backup cloud solution",,600,medium,/Users/bytedance/Documents/target_clusters.xlsx,97
C098,Phones & Tablets,Phones & Electronics,second_category,Phones and Tablets,"iPhone Samsung flagship smartphone, iPad tablet 5G, Android phone review, mid-range budget phone, phone camera comparison, mobile phone upgrade deal recommendation",,600,medium,/Users/bytedance/Documents/target_clusters.xlsx,98
C099,Car Exterior Accessories,Automotive & Motorcycle,second_category,,"car vinyl wrap film, window tint UV block, body kit spoiler diffuser, fender flare sticker decal, chrome delete trim, bumper lip guard, car exterior mod",,600,medium,/Users/bytedance/Documents/target_clusters.xlsx,99
C100,Laundry Tools & Accessories,Home Supplies,second_category,Laundry Tools and Accessories,"laundry detergent pods liquid, fabric softener dryer sheet, stain remover spray pen, mesh laundry bag net, clothespin drying rack, color separator laundry, delicate gentle wash",,600,medium,/Users/bytedance/Documents/target_clusters.xlsx,100
C101,Hair Accessories,Fashion Accessories,second_category,,"hair clip claw jaw barrette, scrunchie velvet hair tie, headband alice band, bobby pin clip, hair claw bun maker, hair accessories set, claw clip styling",,600,medium,/Users/bytedance/Documents/target_clusters.xlsx,101
C102,Silver,Jewelry Accessories & Derivatives,second_category,,"925 sterling silver ring, silver necklace chain pendant, silver bracelet bangle anklet, silver stud hoop earrings, pure silver jewelry gift, sterling silver gemstone, handmade silver jewelry",silver color electronics headphone | silver watch timepiece | silver colored pen stationery | silver sneaker shoe | silver audio cable,600,medium,/Users/bytedance/Documents/target_clusters.xlsx,102
C103,Baby Clothing & Shoes,Baby & Maternity,second_category,Baby Clothing and Shoes,"baby onesie bodysuit romper, baby dress toddler outfit, infant shoes booties, newborn clothing gift set, baby girl boy clothes, toddler leggings shirt, baby fashion brand",,600,medium,/Users/bytedance/Documents/target_clusters.xlsx,103
C104,Children's & Infants' Books,"Books, Magazines & Audio",second_category,Children's and Infants' Books | Childrens & Infants' Books,"children picture board book, baby touch feel lift-flap, early reader phonics, kids bedtime story, illustrated chapter book, infant board educational, bestselling children book",,600,medium,/Users/bytedance/Documents/target_clusters.xlsx,104
C105,Dolls & Stuffed Toys,Toys & Hobbies,second_category,Dolls and Stuffed Toys,"Barbie fashion doll set, stuffed animal plush bear, baby doll outfit, anime character plush, stuffed unicorn bunny, soft plushie toy gift, collectible stuffed figure",,600,medium,/Users/bytedance/Documents/target_clusters.xlsx,105
C106,Baby Toys,,second_category,,"baby rattle teething ring, infant play gym mat, crib mobile musical, sensory crinkle toy, soft stacking block, baby mirror tummy time toy, newborn baby toy gift",dog cat pet toy | bird parrot toy | reptile aquatic fish,600,medium,/Users/bytedance/Documents/target_clusters.xlsx,106
C107,Hardware,Tools & Hardware,second_category,,"screw bolt nut washer, drill bit hex key, hinge bracket wall anchor, drawer slide fastener, drywall toggle anchor, cabinet hardware pull, wood screw assortment kit",pc gaming computer hardware GPU CPU motherboard | software tech electronics circuit,600,medium,/Users/bytedance/Documents/target_clusters.xlsx,107
C108,Computer Accessories,Computers & Office Equipment,second_category,,"mechanical gaming keyboard RGB, gaming wireless mouse, 4K ultrawide monitor, USB-C docking hub, streaming webcam microphone, wrist rest large mousepad, external trackpad",,600,medium,/Users/bytedance/Documents/target_clusters.xlsx,108
C109,Office Equipment,Computers & Office Equipment,second_category,,"office laser inkjet printer, flatbed document scanner, presentation projector, label maker tape, office paper shredder, laminator pouch machine, binding comb",,600,medium,/Users/bytedance/Documents/target_clusters.xlsx,109
C110,Fabrics & Sewing Supplies,Textiles & Soft Furnishings,second_category,Fabrics and Sewing Supplies,"cotton linen canvas fabric yard, sewing thread needle, beginner sewing machine, zipper elastic ribbon trim, button interfacing fusible, knitting yarn wool, embroidery floss pattern",,600,medium,/Users/bytedance/Documents/target_clusters.xlsx,110
C111,Water Sports,Sports & Outdoor,second_category,,"swim goggles anti-fog, snorkel mask set, fins flipper paddle, life jacket PFD safety, inflatable SUP paddleboard, kayak paddle canoe, freediving wetsuit open water",,600,medium,/Users/bytedance/Documents/target_clusters.xlsx,111
C112,Ball Sports,Sports & Outdoor,second_category,,"basketball sneaker hoop net, soccer cleat ball goal, football pad helmet, volleyball net, tennis racket string, pickleball paddle court, baseball glove bat",,600,medium,/Users/bytedance/Documents/target_clusters.xlsx,112
C113,Educational Toys,Toys & Hobbies,second_category,,"STEM science experiment kit, letter counting learning toy, coding robot programmable, montessori wooden toy, phonics reading game, math abacus educational, kids activity",,600,medium,/Users/bytedance/Documents/target_clusters.xlsx,113
C114,Kitchen Knives,Kitchenware,second_category,,"chef 8 inch knife stainless, bread serrated knife, santoku Japanese blade, paring peeling knife, knife block set sharpener, whetstone honing rod, high-carbon kitchen knife",,600,medium,/Users/bytedance/Documents/target_clusters.xlsx,114
C115,Desktop & Laptop Components,Computers & Office Equipment,second_category,Desktop and Laptop Components,"GPU RTX RX graphics card, CPU Ryzen Intel Core processor, ATX motherboard, DDR5 RAM memory, NVMe SSD M.2 storage, modular PSU power supply, PC build gaming component",fan shop sports merchandise | retail clothing store | gaming console video game,600,medium,/Users/bytedance/Documents/target_clusters.xlsx,115
C116,Alternative Medications & Treatments,Health,second_category,Alternative Medications and Treatments,"herbal supplement traditional medicine, homeopathy naturopathy remedy, acupuncture acupressure mat, CBD hemp tincture, aromatherapy essential oil diffuser, mushroom adaptogen, functional alternative health",,600,medium,/Users/bytedance/Documents/target_clusters.xlsx,116
C117,Auto Replacement Parts,Automotive & Motorcycle,second_category,,"brake pad rotor replacement, engine air oil filter, spark plug ignition coil, car battery AGM, timing belt water pump, transmission fluid flush, auto OEM part repair",,600,medium,/Users/bytedance/Documents/target_clusters.xlsx,117
C118,Non-natural Crystal,Jewelry Accessories & Derivatives,second_category,,"Swarovski crystal figurine glass, crystal vase decor display, glass bead rhinestone bling, lead crystal glassware, crystal chandelier prism, decorative glass crystal ornament, K9 crystal",,600,medium,/Users/bytedance/Documents/target_clusters.xlsx,118
C119,Commercial Appliances,Household Appliances,second_category,,"walk-in commercial refrigerator, industrial convection oven, commercial espresso machine, restaurant dishwasher rack, professional food prep equipment, commercial fryer warmer",,600,medium,/Users/bytedance/Documents/target_clusters.xlsx,119
C120,Dog & Cat Furniture,Pet Supplies,second_category,Dog and Cat Furniture,"cat tree tower condo scratching post, dog orthopedic bed crate, cat house cave igloo, pet sofa couch cover, dog indoor kennel, cat scratcher cardboard, pet furniture review",,600,medium,/Users/bytedance/Documents/target_clusters.xlsx,120
C121,Smart & Wearable Devices,Phones & Electronics,second_category,Smart and Wearable Devices,"Apple Watch GPS cellular, Fitbit fitness health tracker, Samsung Galaxy smartwatch, Oura Ring smart ring, Garmin GPS sport watch, wearable health device sleep monitor, smart band activity",,600,medium,/Users/bytedance/Documents/target_clusters.xlsx,121
C122,Fashion Watches & Accessories,Fashion Accessories,second_category,Fashion Watches and Accessories,"wristwatch fashion analog, Seiko Casio Citizen affordable watch, fashion watch women men, dress watch leather strap, watch band replacement, everyday watch recommendation, stylish timepiece",sterling silver ring necklace fine jewelry gemstone | diamond engagement ring,600,medium,/Users/bytedance/Documents/target_clusters.xlsx,122
C123,Measuring Tools,Tools & Hardware,second_category,,"digital caliper precision, tape measure retractable, laser distance meter, multimeter digital voltage, spirit bubble level, thermometer hygrometer, measuring gauge instrument",,600,medium,/Users/bytedance/Documents/target_clusters.xlsx,123
C124,Men's Bags,Luggage & Bags,second_category,Mens Bags,"men leather bifold wallet, men briefcase laptop bag, men backpack commuter, men messenger crossbody, men tote canvas bag, men shoulder bag, men bag style review",,600,medium,/Users/bytedance/Documents/target_clusters.xlsx,124
C125,Pumps & Plumbing,Tools & Hardware,second_category,Pumps and Plumbing,"submersible water pump sump, toilet fill valve flapper, drip faucet repair, PVC pipe fitting, drain clog snake auger, plumber tape sealant, plumbing repair DIY",,600,medium,/Users/bytedance/Documents/target_clusters.xlsx,125
C126,Tool Organizers,Tools & Hardware,second_category,,"rolling tool chest cabinet, canvas tool bag tote, pegboard wall organization, tool belt pouch holster, shadow foam drawer insert, garage workshop storage organizer",,600,medium,/Users/bytedance/Documents/target_clusters.xlsx,126
C127,Staples & Cooking Essentials,Food & Beverages,second_category,Staples and Cooking Essentials,"extra virgin olive oil, soy sauce fish sauce seasoning, pasta rice flour baking, salt pepper spice blend, vinegar pantry base ingredient, cooking staple essentials",,600,medium,/Users/bytedance/Documents/target_clusters.xlsx,127
C128,Humanities & Social Sciences,"Books, Magazines & Audio",second_category,Humanities and Social Sciences,"history sociology philosophy book, political theory economics text, psychology self-help academic, cultural studies humanities, social science research, classic literature novel",,600,medium,/Users/bytedance/Documents/target_clusters.xlsx,128
C129,Luggage & Travel Bags,Luggage & Bags,second_category,Luggage and Travel Bags,"hardshell spinner suitcase, carry-on underseat bag, travel backpack hiking, duffel weekend bag, packing cube set, checked luggage airline, travel bag review",,600,medium,/Users/bytedance/Documents/target_clusters.xlsx,129
C130,Women's Special Clothing,Womenswear & Underwear,second_category,Womens Special Clothing,"women activewear gym set, women plus size clothing, women bridal formal gown, women occasion party dress, women vintage retro, women modest fashion, women festival outfit",,600,medium,/Users/bytedance/Documents/target_clusters.xlsx,130
C131,Refurbished Electronics,Phones & Electronics,second_category,,"certified refurbished iPhone Android, pre-owned laptop MacBook, open box electronics deal, second-hand phone tablet, factory renewed grade A, used device certified",,600,medium,/Users/bytedance/Documents/target_clusters.xlsx,131
C132,Dog & Cat Litter,Pet Supplies,second_category,Dog and Cat Litter,"clumping cat litter odor control, silica crystal litter, self-cleaning litter box, puppy pee pad training mat, dog potty indoor, litter scoop sifter, cat litter brand comparison",,600,medium,/Users/bytedance/Documents/target_clusters.xlsx,132
C133,Solar & Wind Power,Home Improvement,second_category,Solar and Wind Power,"solar panel rooftop home install, portable solar generator, solar battery bank charger, wind turbine small off-grid, solar kit DIY inverter, renewable energy home",,600,medium,/Users/bytedance/Documents/target_clusters.xlsx,133
C134,Barbecue,Kitchenware,second_category,,"charcoal gas pellet grill BBQ, smoker outdoor Traeger pit, BBQ sauce rub marinade, grilling accessory tong spatula brush, instant read thermometer, smoked brisket ribs barbecue",,600,medium,/Users/bytedance/Documents/target_clusters.xlsx,134
C135,Literature & Art,,second_category,Literature and Art,"acrylic watercolor gouache paint, sketchbook art journal, colored pencil marker, canvas board paper art, art supply haul review, illustration calligraphy ink, creative hobby drawing",,600,medium,/Users/bytedance/Documents/target_clusters.xlsx,135
C136,Men's Sleepwear & Loungewear,Menswear & Underwear,second_category,Men's Sleepwear and Loungewear | Mens Sleepwear & Loungewear,"men fleece pajama set, men bathrobe plush, men lounge pants jogger, men hoodie sweatshirt cozy, men sleep short cotton, men matching lounge set, men indoor comfortable",,600,medium,/Users/bytedance/Documents/target_clusters.xlsx,136
C137,Electric & Remote Control Toys,Toys & Hobbies,second_category,Electric and Remote Control Toys,"RC car truck off-road, quadcopter drone camera FPV, radio-controlled helicopter, electric toy car kids, RC boat racing, toy drone beginner, remote control vehicle review",,600,medium,/Users/bytedance/Documents/target_clusters.xlsx,137
C138,Girls' Clothes,Kids' Fashion,second_category,Girls Clothes,"girls dress skirt ruffle, girls shirt leggings outfit, girls school casual fashion, girls summer dress, girls matching set, girls floral bow clothing, girls brand style",,600,medium,/Users/bytedance/Documents/target_clusters.xlsx,138
C139,Kitchen Fixtures,Home Improvement,second_category,,"pull-down kitchen faucet, undermount kitchen sink, cabinet knob drawer pull, kitchen island cart, countertop backsplash tile, kitchen cabinet door, fixture renovation upgrade",,600,medium,/Users/bytedance/Documents/target_clusters.xlsx,139
C140,Baby Safety,,second_category,,"baby gate stair pressure mount, outlet cover childproof, baby monitor video audio, cabinet drawer lock, babyproofing corner guard, bath seat ring support, car seat buckle safety",,600,medium,/Users/bytedance/Documents/target_clusters.xlsx,140
C141,Musical Instruments & Accessories,Toys & Hobbies,second_category,Musical Instruments and Accessories,"acoustic electric guitar beginner, digital piano keyboard, violin cello string, drum pad electronic, ukulele bass starter, guitar pick strap capo tuner, instrument accessory",,600,medium,/Users/bytedance/Documents/target_clusters.xlsx,141
C142,Miscellaneous Home,Home Supplies,second_category,,"command hook wall floating shelf, door stopper draft, cable clip wire organizer, drawer knob pull, tension rod divider, wall mount bracket, misc home small accessory",,600,medium,/Users/bytedance/Documents/target_clusters.xlsx,142
C143,Natural Crystal,Jewelry Accessories & Derivatives,second_category,,"amethyst rose quartz healing crystal, citrine obsidian selenite tower, raw rough gemstone mineral, crystal ball sphere wand, chakra stone set spiritual, crystal charging, crystal meaning energy",,600,medium,/Users/bytedance/Documents/target_clusters.xlsx,143
C144,Security & Safety,Home Improvement,second_category,Security and Safety,"security IP camera outdoor CCTV, video doorbell ring, motion sensor alarm system, smart door lock keypad, home alarm monitoring, Arlo Nest camera, garage sensor security",,600,medium,/Users/bytedance/Documents/target_clusters.xlsx,144
C145,Education & Schooling,,second_category,Education and Schooling,"school backpack supply student, textbook notebook pencil case, scientific calculator, student planner organizer, school uniform dress code, homeschool curriculum, learning tool school",,600,medium,/Users/bytedance/Documents/target_clusters.xlsx,145
C146,Lifestyle & Hobbies,"Books, Magazines & Audio",second_category,Lifestyle and Hobbies,"bullet journal spread layout, daily planner sticker washi tape, habit tracker mood log, productivity system self-improvement, routine goal setting, digital planner iPad app, journaling pen notebook",,600,medium,/Users/bytedance/Documents/target_clusters.xlsx,146
C147,Baby Furniture,Baby & Maternity,second_category,,"baby crib convertible toddler bed, bassinet bedside sleeper, changing table dresser, nursing rocking glider chair, nursery furniture set, crib mattress waterproof, baby wardrobe",,600,medium,/Users/bytedance/Documents/target_clusters.xlsx,147
C148,Eye & Ear Care,Beauty & Personal Care,second_category,Eye and Ear Care,"lubricating eye drops dry eye, contact lens solution case, lash serum growth, earwax removal ear drop, foam ear plug protection, reading glasses strength, eye care vitamin supplement",,600,medium,/Users/bytedance/Documents/target_clusters.xlsx,148
C149,Bag Accessories,Luggage & Bags,second_category,,"bag replacement strap adjustable, felt purse organizer insert, bag charm pendant keychain, metal bag feet protector, leather handle wrap, luggage name tag, zipper pull repair",,600,medium,/Users/bytedance/Documents/target_clusters.xlsx,149
C150,OTC Medications & Treatments,Health,second_category,OTC Medications and Treatments,"ibuprofen acetaminophen pain reliever, cetirizine loratadine allergy, NyQuil DayQuil cold flu, antacid heartburn relief, first aid kit bandage, antiseptic ointment, OTC pharmacy drug",,600,medium,/Users/bytedance/Documents/target_clusters.xlsx,150
C151,Dog & Cat Clothing,Pet Supplies,second_category,Dog and Cat Clothing,"dog sweater knit coat, dog raincoat waterproof boots, cat Halloween costume, pet outfit birthday, dog hoodie shirt, festive pet clothes, dog costume photo prop",,600,medium,/Users/bytedance/Documents/target_clusters.xlsx,151
C152,Girls' Footwear,Kids' Fashion,second_category,Girls Footwear,"girls sneakers school sport, girls ankle boots, girls summer sandal, girls Mary Jane patent, girls athletic outdoor shoe, girls glitter sparkle, girls shoe size",,600,medium,/Users/bytedance/Documents/target_clusters.xlsx,152
C153,Men's Special Occasion Clothing,,second_category,Mens Special Occasion Clothing,"men wedding blazer groom tuxedo, men formal dinner jacket, men dress shirt tie suit, men cocktail smart casual, men preppy dapper style, men occasion outfit formal wear",,600,medium,/Users/bytedance/Documents/target_clusters.xlsx,153
C154,Smart Home Systems,,second_category,,"smart speaker Alexa Google Home, color smart bulb strip light, smart plug outlet timer, home automation Matter HomeKit, Nest smart thermostat, video doorbell smart, home routine schedule",,600,medium,/Users/bytedance/Documents/target_clusters.xlsx,154
C155,Video & Music,,second_category,Video and Music,"vinyl record player turntable, Spotify Apple Music streaming, podcast microphone recording, video editing software YouTube, Blu-ray digital media, music production software",,600,medium,/Users/bytedance/Documents/target_clusters.xlsx,155
C156,Science & Technology,,second_category,Science and Technology,"3D printer filament FDM resin, Arduino Raspberry Pi electronics kit, DIY science tech project, STEM robotics coding, tech innovation gadget, PCB circuit solder, maker space review",,600,medium,/Users/bytedance/Documents/target_clusters.xlsx,156
C157,Bar & Wine Utensils,Kitchenware,second_category,Bar and Wine Utensils,"wine glass crystal stemless, cocktail shaker bar kit, wine opener electric corkscrew, decanter aerator, ice bucket tong, bar tool bartender set, whiskey rocks glass bourbon",,600,medium,/Users/bytedance/Documents/target_clusters.xlsx,157
C158,Tea & Coffeeware,Kitchenware,second_category,Tea and Coffeeware,"coffee mug ceramic travel, loose leaf teapot infuser, French press AeroPress pour-over, espresso demitasse cup, gooseneck kettle, cold brew pitcher, specialty coffee dripper",,600,medium,/Users/bytedance/Documents/target_clusters.xlsx,158
C159,Jade,,second_category,,"jade bracelet bangle nephrite jadeite, jade ring pendant necklace, green jade carved stone jewelry, jade roller face guasha massage tool, jade earring authentic, imperial jade Myanmar, jade bead strand",iems in-ear monitor earphone headphone audiophile | audio equipment amplifier DAC speaker | bass guitar music instrument singing vocal | barbie doll fashion toy | vinyl record music player,600,medium,/Users/bytedance/Documents/target_clusters.xlsx,159
C160,Sports Collectibles,,second_category,,"sports trading card graded PSA BGS, game-worn jersey signed memorabilia, rookie card autograph serial, baseball basketball football card, collectible wax box sealed, vintage card rare, sports memorabilia collector",,600,medium,/Users/bytedance/Documents/target_clusters.xlsx,160
C161,Fresh & Frozen Food,,second_category,Fresh and Frozen Food,"fresh produce vegetable fruit market, frozen meal heat-and-eat, meal kit delivery subscription, fresh meat seafood, frozen vegetable convenience, grocery fresh food, prepared ingredients",,600,medium,/Users/bytedance/Documents/target_clusters.xlsx,161
C162,Economics & Management,,second_category,Economics and Management,"business management MBA book, economics micro macro theory, entrepreneurship startup guide, personal finance investing, leadership corporate strategy, marketing sales book, business school",,600,medium,/Users/bytedance/Documents/target_clusters.xlsx,162
C163,Motorcycle Accessories,Automotive & Motorcycle,second_category,,"motorcycle full-face helmet, riding leather jacket glove, tank saddle bag luggage, moto cover tarp, handlebar grip mirror, riding boot waterproof, adventure touring moto gear",,600,medium,/Users/bytedance/Documents/target_clusters.xlsx,163
C164,Soldering Equipment,Tools & Hardware,second_category,,"soldering iron temperature station, solder lead-free flux, desoldering braid pump wick, PCB prototype repair, hot air reflow gun, SMD component electronics, beginner soldering kit",,600,medium,/Users/bytedance/Documents/target_clusters.xlsx,164
C165,Sexual Wellness,Health,second_category,,"vibrator wand massager, water-based silicone lubricant, couples intimate toy, sexual health wellness product, body-safe adult toy, discreet personal massager, intimate accessories",,600,medium,/Users/bytedance/Documents/target_clusters.xlsx,165
C166,Boys' Clothes,Kids' Fashion,second_category,Boys Clothes,"boys t-shirt polo shirt, boys jeans shorts pants, boys hoodie sweatshirt, boys school uniform polo, boys activewear sport, boys graphic tee casual, boys outfit brand",,600,medium,/Users/bytedance/Documents/target_clusters.xlsx,166
C167,Milk & Dairy,Food & Beverages,second_category,Milk and Dairy,"infant formula powder stage, breast milk supplement lactation, oat almond soy milk alternative, dairy yogurt milk product, baby formula feeding guide, plant-based milk, dairy nutrition",,600,medium,/Users/bytedance/Documents/target_clusters.xlsx,167
C168,Fish & Aquatic Supplies,Pet Supplies,second_category,Fish and Aquatic Supplies,"fish aquarium tank setup kit, fish food flake pellet, canister HOB filter, planted aquarium LED light, aquatic plant substrate, betta goldfish care, beginner aquarium guide",,600,medium,/Users/bytedance/Documents/target_clusters.xlsx,168
C169,Shoe Accessories,Shoes,second_category,,"arch support orthotic insole, flat round waxed lace, sneaker shoe cleaner kit, cedar shoe tree stretcher, sole protector heel cap, shoe care polish maintenance",,600,medium,/Users/bytedance/Documents/target_clusters.xlsx,169
C170,Winter Sports,,second_category,,"ski snowboard alpine touring resort, ski jacket bib pants, ski boot binding system, ski pole carbon, snow goggle helmet, avalanche beacon probe, winter resort gear rental",,600,medium,/Users/bytedance/Documents/target_clusters.xlsx,170
C171,Children's Furniture,,second_category,Childrens Furniture,"toddler bed kids frame, children study desk chair, kids bookshelf storage, children wardrobe dresser, bunk bed loft, kids table chair set, children bedroom furniture",,600,medium,/Users/bytedance/Documents/target_clusters.xlsx,171
